{"cameraMode":{"drawMode":0,"name":"Shaded","section":"Shading Mode"},"sceneLighting":false,"audioPlay":false,"sceneViewState":{"m_AlwaysRefresh":false,"showFog":true,"showSkybox":false,"showFlares":true,"showImageEffects":true,"showParticleSystems":true,"showVisualEffectGraphs":true,"m_FxEnabled":true},"in2DMode":false,"pivot":{"x":30.500736236572267,"y":1.8575685024261475,"z":50.15811538696289},"rotation":{"x":0.28649020195007326,"y":-0.17690418660640717,"z":0.05391157791018486,"w":0.9400792121887207},"size":0.7044666409492493,"orthographic":false}