{"cameraMode":{"drawMode":0,"name":"Shaded","section":"Shading Mode"},"sceneLighting":false,"audioPlay":false,"sceneViewState":{"m_AlwaysRefresh":false,"showFog":true,"showSkybox":false,"showFlares":true,"showImageEffects":true,"showParticleSystems":true,"showVisualEffectGraphs":true,"m_FxEnabled":true},"in2DMode":false,"pivot":{"x":-14.829999923706055,"y":0.9200000762939453,"z":0.3600000739097595},"rotation":{"x":0.1977536529302597,"y":0.24691973626613618,"z":-0.05154786631464958,"w":0.9472509026527405},"size":2.635138988494873,"orthographic":false}