{"cameraMode":{"drawMode":0,"name":"Shaded","section":"Shading Mode"},"sceneLighting":false,"audioPlay":false,"sceneViewState":{"m_AlwaysRefresh":false,"showFog":true,"showSkybox":false,"showFlares":true,"showImageEffects":true,"showParticleSystems":true,"showVisualEffectGraphs":true,"m_FxEnabled":true},"in2DMode":false,"pivot":{"x":98.28472900390625,"y":436.1695556640625,"z":67.4478759765625},"rotation":{"x":0.015308634378015995,"y":-0.006004640832543373,"z":0.00008572900696890429,"w":0.9998792409896851},"size":75.24166107177735,"orthographic":false}